{"nodes":{"node:1":{"location":{"x":107,"y":52}}},"selection":null,"view":{"scroll":{"x":-83.3206863403320312,"y":-67.1979904174804688},"visible_rect":{"max":{"x":506.943450927734375,"y":217.441604614257812},"min":{"x":-66.6565475463867188,"y":-53.758392333984375}},"zoom":1.25}}