{"nodes":{"node:1":{"location":{"x":-235,"y":-236}}},"selection":null,"view":{"scroll":{"x":-873.1605224609375,"y":-639.628662109375},"visible_rect":{"max":{"x":475.22637939453125,"y":122.914237976074219},"min":{"x":-582.1070556640625,"y":-426.419158935546875}},"zoom":1.4999997615814209}}