{"nodes":{"node:1":{"location":{"x":-475,"y":-498}}},"selection":null,"view":{"scroll":{"x":-2875.84521484375,"y":-2786.5908203125},"visible_rect":{"max":{"x":-257.969024658203125,"y":-392.51812744140625},"min":{"x":-575.16900634765625,"y":-557.318115234375}},"zoom":5.0000004768371582}}