{"nodes":{"node:1":{"location":{"x":-43,"y":-92}}},"selection":null,"view":{"scroll":{"x":-792.18865966796875,"y":-589.72894287109375},"visible_rect":{"max":{"x":264.60382080078125,"y":78.090362548828125},"min":{"x":-264.06292724609375,"y":-196.576339721679688}},"zoom":2.9999997615814209}}