{"nodes":{"node:1":{"location":{"x":-347,"y":-434}}},"selection":null,"view":{"scroll":{"x":-1632.7586669921875,"y":-1469.5838623046875},"visible_rect":{"max":{"x":-18.7034664154052734,"y":-258.233551025390625},"min":{"x":-653.10345458984375,"y":-587.83355712890625}},"zoom":2.5}}